{
  "train_history": [
    {
      "epoch": 1,
      "loss": 0.27964994723775555,
      "accuracy": 0.5850321139346552
    }
  ],
  "val_history": [
    {
      "epoch": 1,
      "loss": 0.3371884591049618,
      "accuracy": 0.45454545454545453,
      "precision": 0.45454545454545453,
      "recall": 1.0,
      "f1": 0.625
    }
  ],
  "best_val_f1": 0.625,
  "test_metrics": {
    "accuracy": 0.5493333333333333,
    "precision": 0.5493333333333333,
    "recall": 1.0,
    "f1": 0.7091222030981067
  }
}